Workbook

Sheet Read Me
A1: RoadRisk: Government-Insurer Telematics Program — Financial & KPI Tracking Model
A3: Estimates and tracks the 3-year financial case for the pilot described in strategy/government_insurer_strategy.md, and gives the joint state/insurer steering committee a place to log real Year-1 KPI results against target.
A6: Tabs in this workbook
A7: Assumptions — Every input the model runs on. Edit the blue cells here — everything else recalculates. Each input cell has a comment naming its source.
A8: Enrollment & Reach — Converts the population assumption into an enrolled-driver count across 3 years.
A9: Program Costs — State and insurer cost by year — incentives, admin share, and telematics platform licensing.
A10: Benefits & Savings — Modeled avoided crashes, avoided cost, insurer claims benefit, and a monetized emissions estimate.
A11: ROI Summary — Net benefit, ROI %, and payback period, split State / Insurer / Combined.
A12: KPI Dashboard — Quarterly Year-1 enrollment tracker plus annual outcome KPIs. Fill in the yellow Actual cells as real data arrives.
A13: Sensitivity — What enrollment, per-enrollee effect, or insurer market share is needed to hit the 5% KPI — the base case alone does not reach it (see note on that tab).
A15: Color legend
A16: Blue text = hardcoded input / assumption you can change
... A21: All dollar figures are nominal USD, undiscounted, modeled at the program level (not a single household's premium). Every assumption cell carries a comment stating its source or that it is a program-design estimate. Underlying crash-data provenance is in data/SOURCES.md at the repo root.

Sheet Assumptions
A1: Assumptions
A2: Assumption | B2: Value | C2: Unit | D2: Note
A3: Population & Enrollment Universe
A4: Scale-tier pilot population (2020 Census) | B4: 2175496 | C4: residents
A5: Licensed drivers as % of population | B5: 0.75 | C5: %
A6: Insurer partner's market share of licensed drivers in pilot counties | B6: 0.12 | C6: %
A7: Eligible policyholder base (computed) | B7: =B4*B5*B6 | C7: policyholders
A9: Enrollment Ramp & Retention
A10: Year 1 enrollment (% of eligible policyholders) | B10: 0.12 | C10: %
A11: Year 2 enrollment (% of eligible policyholders) | B11: 0.2 | C11: %
A12: Year 3 enrollment (% of eligible policyholders) | B12: 0.28 | C12: %
A13: Retention: enrollees still active at month 12 | B13: 0.7 | C13: %
A15: Cost Assumptions
A16: State one-time enrollment incentive (per new enrollee) | B16: 25 | C16: $
A17: Total program admin & marketing cost per year | B17: 500000 | C17: $/yr
A18: State share of admin & marketing cost | B18: 0.4 | C18: %
A19: Insurer share of admin & marketing cost (computed) | B19: =1-B18
A20: Telematics platform licensing cost, per enrolled driver/year | B20: 8 | C20: $/driver/yr
A21: Insurer clean-driving premium discount | B21: 0.15 | C21: %
A22: Average annual auto premium per policy, pilot region | B22: 1450 | C22: $/policy/yr
A24: Safety Effect & Avoided-Cost Assumptions
A25: Baseline speeding-related crashes/year, scale-tier counties | B25: 5892 | C25: crashes/yr
A26: Per-enrollee reduction in speeding-related crash involvement | B26: 0.2 | C26: %
A27: State cost avoided per prevented crash (emergency response + infrastructure) | B27: 9500 | C27: $/crash
A28: Insurer average claim cost per speeding-related crash | B28: 12000 | C28: $/crash
A29: Average loss ratio, enrolled book (claims cost / earned premium) | B29: 0.65 | C29: %
A30: Loss-ratio improvement for enrolled cohort (behavior change + adverse selection) | B30: 0.12 | C30: %
A32: Emissions Assumptions
A33: Modeled CO2 reduction per enrolled driver per year | B33: 0.12 | C33: metric tons
A34: Social cost of carbon (for illustrative monetization only) | B34: 51 | C34: $/metric ton
A36: KPI Targets (Year 1)
A37: Speeding-related crash reduction target (population level) | B37: 0.05 | C37: %
A38: Emissions reduction target (modeled, enrolled drivers) | B38: 0.05 | C38: %

Sheet Enrollment & Reach
A1: Enrollment & Reach
B3: Year 1 | C3: Year 2 | D3: Year 3
A4: Eligible policyholder base | B4: ='Assumptions'!$B$7 | C4: ='Assumptions'!$B$7 | D4: ='Assumptions'!$B$7
A5: Enrollment rate (% of eligible) | B5: ='Assumptions'!$B$10 | C5: ='Assumptions'!$B$11 | D5: ='Assumptions'!$B$12
A6: Enrolled drivers (that year, cumulative) | B6: =B4*B5 | C6: =C4*C5 | D6: =D4*D5
A7: Retained from prior year's cohort (active at month 12) | B7: 0 | C7: =B6*'Assumptions'!$B$13 | D7: =C6*'Assumptions'!$B$13
A8: New enrollees this year (drives the one-time incentive cost) | B8: =B6 | C8: =MAX(0,C6-B7) | D8: =MAX(0,D6-C7)
A9: Share of pilot-county licensed drivers reached (enrolled / total drivers) | B9: =B6/('Assumptions'!$B$4*'Assumptions'!$B$5) | C9: =C6/('Assumptions'!$B$4*'Assumptions'!$B$5) | D9: =D6/('Assumptions'!$B$4*'Assumptions'!$B$5)
A12: Enrolled drivers are modeled as that year's active cohort size, not a running total across years, to keep the cost/benefit math tied to who is actually active in a given year.

Sheet Program Costs
A1: Program Costs
B3: Year 1 | C3: Year 2 | D3: Year 3
A4: State Costs
A5: One-time enrollment incentive | B5: ='Enrollment & Reach'!$B$8*'Assumptions'!$B$16 | C5: ='Enrollment & Reach'!$C$8*'Assumptions'!$B$16 | D5: ='Enrollment & Reach'!$D$8*'Assumptions'!$B$16
A6: State share of admin & marketing cost | B6: ='Assumptions'!$B$17*'Assumptions'!$B$18 | C6: ='Assumptions'!$B$17*'Assumptions'!$B$18 | D6: ='Assumptions'!$B$17*'Assumptions'!$B$18
A7: Total state cost | B7: =B5+B6 | C7: =C5+C6 | D7: =D5+D6
A9: Insurer Costs
A10: Premium discount paid to enrollees | B10: ='Enrollment & Reach'!$B$6*'Assumptions'!$B$22*'Assumptions'!$B$21 | C10: ='Enrollment & Reach'!$C$6*'Assumptions'!$B$22*'Assumptions'!$B$21 | D10: ='Enrollment & Reach'!$D$6*'Assumptions'!$B$22*'Assumptions'!$B$21
A11: Telematics platform licensing | B11: ='Enrollment & Reach'!$B$6*'Assumptions'!$B$20 | C11: ='Enrollment & Reach'!$C$6*'Assumptions'!$B$20 | D11: ='Enrollment & Reach'!$D$6*'Assumptions'!$B$20
A12: Insurer share of admin & marketing cost | B12: ='Assumptions'!$B$17*'Assumptions'!$B$19 | C12: ='Assumptions'!$B$17*'Assumptions'!$B$19 | D12: ='Assumptions'!$B$17*'Assumptions'!$B$19
A13: Total insurer cost | B13: =B10+B11+B12 | C13: =C10+C11+C12 | D13: =D10+D11+D12
A15: Combined program cost | B15: =B7+B13 | C15: =C7+C13 | D15: =D7+D13

Sheet Benefits & Savings
A1: Benefits & Savings
B3: Year 1 | C3: Year 2 | D3: Year 3
A4: Crash Reduction (drives both state and insurer benefit)
A5: Baseline speeding-related crashes/year, scale-tier counties | B5: ='Assumptions'!$B$25 | C5: ='Assumptions'!$B$25 | D5: ='Assumptions'!$B$25
A6: Prevented crashes (enrolled drivers' share x per-enrollee effect) | B6: =B5*'Enrollment & Reach'!$B$9*'Assumptions'!$B$26 | C6: =C5*'Enrollment & Reach'!$C$9*'Assumptions'!$B$26 | D6: =D5*'Enrollment & Reach'!$D$9*'Assumptions'!$B$26
A7: Population-level speeding-crash reduction (modeled, vs. 5% KPI) | B7: =B6/B5 | C7: =C6/C5 | D7: =D6/D5
A9: State Benefit
A10: Avoided emergency-response & infrastructure cost | B10: =B6*'Assumptions'!$B$27 | C10: =C6*'Assumptions'!$B$27 | D10: =D6*'Assumptions'!$B$27
A12: Insurer Benefit
A13: Avoided claims cost (speeding-related crashes prevented) | B13: =B6*'Assumptions'!$B$28 | C13: =C6*'Assumptions'!$B$28 | D13: =D6*'Assumptions'!$B$28
A14: Avoided claims cost (broader enrolled-book loss-ratio improvement) | B14: ='Enrollment & Reach'!$B$6*'Assumptions'!$B$22*'Assumptions'!$B$29*'Assumptions'!$B$30 | C14: ='Enrollment & Reach'!$C$6*'Assumptions'!$B$22*'Assumptions'!$B$29*'Assumptions'!$B$30 | D14: ='Enrollment & Reach'!$D$6*'Assumptions'!$B$22*'Assumptions'!$B$29*'Assumptions'!$B$30
A15: Total insurer benefit | B15: =B13+B14 | C15: =C13+C14 | D15: =D13+D14
A17: Emissions (public-value estimate, not on either party's P&L)
A18: Modeled CO2 reduction (metric tons) | B18: ='Enrollment & Reach'!$B$6*'Assumptions'!$B$33 | C18: ='Enrollment & Reach'!$C$6*'Assumptions'!$B$33 | D18: ='Enrollment & Reach'!$D$6*'Assumptions'!$B$33
A19: Emissions reduction vs. 5% KPI target
A20: Monetized emissions value (social cost of carbon) | B20: =B18*'Assumptions'!$B$34 | C20: =C18*'Assumptions'!$B$34 | D20: =D18*'Assumptions'!$B$34
A22: Combined benefit (state + insurer + emissions public value) | B22: =B10+B15+B20 | C22: =C10+C15+C20 | D22: =D10+D15+D20
A24: Note: at the 20% per-enrollee effect and 12% single-carrier market-share assumptions on the Assumptions tab, the modeled population-level reduction above is well under the 5% KPI target -- see the Sensitivity tab for what it would take to close that gap.

Sheet ROI Summary
A1: ROI Summary
B3: Year 1 | C3: Year 2 | D3: Year 3 | E3: 3-Year Total
A4: State
A5: Cost | B5: ='Program Costs'!$B$7 | C5: ='Program Costs'!$C$7 | D5: ='Program Costs'!$D$7 | E5: =SUM(B5:D5)
A6: Benefit | B6: ='Benefits & Savings'!$B$10 | C6: ='Benefits & Savings'!$C$10 | D6: ='Benefits & Savings'!$D$10 | E6: =SUM(B6:D6)
A7: Net benefit | B7: =B6-B5 | C7: =C6-C5 | D7: =D6-D5 | E7: =E6-E5
A8: ROI % (net benefit / cost) | B8: =IFERROR(B7/B5,0) | C8: =IFERROR(C7/C5,0) | D8: =IFERROR(D7/D5,0) | E8: =IFERROR(E7/E5,0)
A10: Insurer
A11: Cost | B11: ='Program Costs'!$B$13 | C11: ='Program Costs'!$C$13 | D11: ='Program Costs'!$D$13 | E11: =SUM(B11:D11)
A12: Benefit | B12: ='Benefits & Savings'!$B$15 | C12: ='Benefits & Savings'!$C$15 | D12: ='Benefits & Savings'!$D$15 | E12: =SUM(B12:D12)
A13: Net benefit | B13: =B12-B11 | C13: =C12-C11 | D13: =D12-D11 | E13: =E12-E11
A14: ROI % (net benefit / cost) | B14: =IFERROR(B13/B11,0) | C14: =IFERROR(C13/C11,0) | D14: =IFERROR(D13/D11,0) | E14: =IFERROR(E13/E11,0)
A16: Combined (incl. public-value emissions benefit)
A17: Cost | B17: ='Program Costs'!$B$15 | C17: ='Program Costs'!$C$15 | D17: ='Program Costs'!$D$15 | E17: =SUM(B17:D17)
A18: Benefit | B18: ='Benefits & Savings'!$B$22 | C18: ='Benefits & Savings'!$C$22 | D18: ='Benefits & Savings'!$D$22 | E18: =SUM(B18:D18)
A19: Net benefit | B19: =B18-B17 | C19: =C18-C17 | D19: =D18-D17 | E19: =E18-E17
A20: ROI % (net benefit / cost) | B20: =IFERROR(B19/B17,0) | C20: =IFERROR(C19/C17,0) | D20: =IFERROR(D19/D17,0) | E20: =IFERROR(E19/E17,0)
A22: Payback
A23: Cumulative combined net benefit | B23: =B19 | C23: =B23+C19 | D23: =C23+D19
A24: Payback status | B24: =_xlfn.IFS(B23>=0,"Positive in Year 1",C23>=0,"Positive in Year 2",D23>=0,"Positive in Year 3",TRUE,"Not within 3 years")
A26: Reading this honestly: at base-case assumptions, the program does not pay back within 3 years for the insurer or in combined terms, because the premium discount is paid on the insurer's full enrolled book while the claims-cost benefit only accrues where behavior actually changes or better risks self-select in -- a well-documented tension in real UBI economics, not a modeling error. Three things would close the gap, individually or combined: (1) a lower or score-tiered discount instead of a flat 15% to every enrollee, (2) retained cohorts compounding the loss-ratio benefit over a longer, multi-cohort horizon than this 3-year window captures, and (3) counting the public value the state captures outside its own P&L (avoided injuries and fatalities beyond the narrow emergency-response/infrastructure cost line) -- which is real value the state is funding for, even though it is not monetized in the Combined row above. See the Sensitivity tab for the separate question of what it takes to hit the 5% crash-reduction KPI itself.

Sheet KPI Dashboard
A1: KPI Dashboard — Year 1
A2: Fill in the yellow Actual cells as real program data arrives.
A4: Enrollment Ramp (cumulative % of eligible policyholders)
A5: Quarter | B5: Target | C5: Actual | D5: Variance | E5: Status
A6: Q1 | B6: ='Assumptions'!$B$10*0.25 | D6: =IFERROR(C6-B6,"") | E6: =IF(C6="","",IF(C6>=B6,"On track","Below target"))
A7: Q2 | B7: ='Assumptions'!$B$10*0.5 | D7: =IFERROR(C7-B7,"") | E7: =IF(C7="","",IF(C7>=B7,"On track","Below target"))
A8: Q3 | B8: ='Assumptions'!$B$10*0.75 | D8: =IFERROR(C8-B8,"") | E8: =IF(C8="","",IF(C8>=B8,"On track","Below target"))
A9: Q4 | B9: ='Assumptions'!$B$10*1.0 | D9: =IFERROR(C9-B9,"") | E9: =IF(C9="","",IF(C9>=B9,"On track","Below target"))
A11: Retention (% of enrollees active, measured at month 12)
B12: Target | C12: Actual | D12: Variance | E12: Status
A13: Year 1 | B13: ='Assumptions'!$B$13 | D13: =IFERROR(C13-B13,"") | E13: =IF(C13="","",IF(C13>=B13,"On track","Below target"))
A15: Annual Outcome KPIs (Year 1, population-level vs. prior year)
A16: KPI | B16: Target | C16: Actual | D16: Variance | E16: Status
A17: Speeding-related crash reduction | B17: ='Assumptions'!$B$37 | D17: =IFERROR(C17-B17,"") | E17: =IF(C17="","",IF(C17>=B17,"On track","Below target"))
A18: Emissions reduction (modeled) | B18: ='Assumptions'!$B$38 | D18: =IFERROR(C18-B18,"") | E18: =IF(C18="","",IF(C18>=B18,"On track","Below target"))
A20: Enrollment quarterly targets ramp linearly to the Year-1 enrollment assumption (25/50/75/100% of the annual target by quarter) as a planning baseline -- replace with the steering committee's actual enrollment-campaign schedule once set.

Sheet Sensitivity
A1: Sensitivity — Closing the Gap to the 5% Population-Level KPI
A3: At this workbook's base-case assumptions (12% single-carrier market share, 20% per-enrollee effect, Year-1 enrollment per the Assumptions tab), the modeled population-level speeding-crash reduction is well under the 5% target -- see the Year-1 figure below the grid. This is an intentional, honest gap: a single insurer's book cannot move a county-wide KPI on its own at realistic enrollment and effect sizes. The grid shows what combination of enrollment and per-enrollee effect gets there, holding market share fixed at its current 12% assumption; the note below it shows the alternative lever -- a larger, multi-carrier market share.
A6: Enrollment ↓ / Per-enrollee effect → | B6: 0.15 | C6: 0.2 | D6: 0.25 | E6: 0.3 | F6: 0.35
A7: 0.1 | B7: =$A7*'Assumptions'!$B$5*'Assumptions'!$B$6*B$6 | C7: =$A7*'Assumptions'!$B$5*'Assumptions'!$B$6*C$6 | D7: =$A7*'Assumptions'!$B$5*'Assumptions'!$B$6*D$6 | E7: =$A7*'Assumptions'!$B$5*'Assumptions'!$B$6*E$6 | F7: =$A7*'Assumptions'!$B$5*'Assumptions'!$B$6*F$6
A8: 0.15 | B8: =$A8*'Assumptions'!$B$5*'Assumptions'!$B$6*B$6 | C8: =$A8*'Assumptions'!$B$5*'Assumptions'!$B$6*C$6 | D8: =$A8*'Assumptions'!$B$5*'Assumptions'!$B$6*D$6 | E8: =$A8*'Assumptions'!$B$5*'Assumptions'!$B$6*E$6 | F8: =$A8*'Assumptions'!$B$5*'Assumptions'!$B$6*F$6
A9: 0.2 | B9: =$A9*'Assumptions'!$B$5*'Assumptions'!$B$6*B$6 | C9: =$A9*'Assumptions'!$B$5*'Assumptions'!$B$6*C$6 | D9: =$A9*'Assumptions'!$B$5*'Assumptions'!$B$6*D$6 | E9: =$A9*'Assumptions'!$B$5*'Assumptions'!$B$6*E$6 | F9: =$A9*'Assumptions'!$B$5*'Assumptions'!$B$6*F$6
A10: 0.25 | B10: =$A10*'Assumptions'!$B$5*'Assumptions'!$B$6*B$6 | C10: =$A10*'Assumptions'!$B$5*'Assumptions'!$B$6*C$6 | D10: =$A10*'Assumptions'!$B$5*'Assumptions'!$B$6*D$6 | E10: =$A10*'Assumptions'!$B$5*'Assumptions'!$B$6*E$6 | F10: =$A10*'Assumptions'!$B$5*'Assumptions'!$B$6*F$6
A11: 0.3 | B11: =$A11*'Assumptions'!$B$5*'Assumptions'!$B$6*B$6 | C11: =$A11*'Assumptions'!$B$5*'Assumptions'!$B$6*C$6 | D11: =$A11*'Assumptions'!$B$5*'Assumptions'!$B$6*D$6 | E11: =$A11*'Assumptions'!$B$5*'Assumptions'!$B$6*E$6 | F11: =$A11*'Assumptions'!$B$5*'Assumptions'!$B$6*F$6
A13: Base-case Year 1 (from Enrollment & Reach / Benefits & Savings tabs) | B13: ='Benefits & Savings'!$B$7 | C13: vs. KPI target | D13: ='Assumptions'!$B$37
A15: Alternative lever: combined market share needed (multi-carrier consortium)
A16: Assumed enrollment rate for this calc | B16: 0.2
A17: Assumed per-enrollee effect for this calc | B17: 0.25
A18: Combined market share required to hit the 5% KPI | B18: =IFERROR('Assumptions'!$B$37/('Assumptions'!$B$5*B16*B17),"n/a")
A19: At 20% enrollment and a 25% per-enrollee effect, hitting the 5% KPI needs roughly this share of pilot-county licensed drivers under a participating insurer -- i.e., recruiting a second or third carrier into the pilot in Year 2, per the phasing in government_insurer_strategy.md, rather than assuming a single 12%-share carrier can do it alone.
